depth,station,insitu,gldas
2.5,27,NaN,NaN
2.5,27,149.969138331781,132.867401720709
2.5,27,134.999641434344,106.138987931645
2.5,27,71.9122045967202,74.0913993326059
2.5,27,NaN,NaN
2.5,27,NaN,NaN
2.5,27,NaN,NaN
2.5,27,NaN,NaN
2.5,27,NaN,NaN
2.5,27,NaN,NaN
2.5,27,20.9399757369317,62.5536067668307
2.5,27,70.3125527475396,42.7982359618863
2.5,27,27.1550940152607,26.3206984729794
2.5,28,NaN,NaN
2.5,28,NaN,NaN
2.5,28,NaN,NaN
2.5,28,79.2538988446646,81.0898411808511
2.5,28,NaN,NaN
2.5,28,NaN,NaN
2.5,28,13.3116759207807,16.7887583646665
2.5,28,149.450968483733,143.801629483652
2.5,28,15.708384592125,50.1515190807762
2.5,30,NaN,NaN
2.5,30,132.490811236606,126.270448770371
2.5,30,32.6116525058159,52.7692416985705
2.5,30,NaN,NaN
2.5,30,72.4128142106432,149.969979934916
2.5,30,NaN,NaN
2.5,30,NaN,NaN
2.5,30,NaN,NaN
2.5,30,NaN,NaN
2.5,30,NaN,NaN
2.5,30,61.1845288035372,61.3208761704384
2.5,30,NaN,NaN
2.5,30,NaN,NaN
2.5,32,NaN,NaN
2.5,32,101.718623032592,137.022329398616
2.5,32,135.083624530218,109.644188218473
2.5,32,NaN,NaN
2.5,32,NaN,NaN
2.5,32,NaN,NaN
2.5,32,NaN,NaN
2.5,32,NaN,NaN
2.5,32,7.66659459500342,54.8209553495012
2.5,32,NaN,NaN
2.5,32,70.6262794229673,64.7239071979929
2.5,32,25.0850090802514,49.1785632250619
2.5,32,25.2735245705907,33.7620707616411
2.5,35,NaN,NaN
2.5,35,141.242163995713,134.134535302693
2.5,35,32.8320093549661,97.5756199083542
2.5,35,NaN,NaN
2.5,35,88.8475917961422,149.941709671293
2.5,35,NaN,NaN
2.5,35,26.3610841206049,18.8009012962055
2.5,35,12.0278534166884,141.529267836155
2.5,35,135.996109336276,46.0739581722132
2.5,35,NaN,NaN
2.5,35,67.6031128858543,68.7542970487513
2.5,35,NaN,NaN
2.5,35,57.7325942619029,36.5412249137253
10,1,NaN,NaN
10,1,9.13932482080335,103.818204277154
10,1,130.151051071909,128.99171126552
10,1,36.1541452299789,28.5478769093894
10,1,30.4642728729782,27.3380424391195
10,1,47.2307422549177,36.4123705370557
10,1,115.862506617483,118.454115083079
10,1,117.50553439123,100.524036002436
10,1,72.0416619063005,112.597285389287
10,1,94.2995571745926,130.642004510087
10,1,7.92916831932615,NaN
10,1,15.0716095942848,149.997043270239
10,1,149.99989635437,149.829387282483
10,1,81.0127802812022,57.2958608573716
10,1,NaN,NaN
10,1,60.147635360297,63.0700169383832
10,1,73.3484458706427,50.7903945935982
10,1,27.6095993239133,29.4090459726639
