depth,station,insitu,gldas
10,1,NaN,NaN
10,1,734224.009188507,734198.352370858
10,1,734616.787370945,734569.54349464
10,1,734959.168150486,734936.368856821
10,1,735339.99883407,735304.001447572
10,1,735737.24408263,735705.476569809
10,1,736110.000806728,736008.629831631
10,1,736452.978605019,736361.689610699
10,1,736798.720901569,736748.379990481
10,1,737182.635941618,737156.581939108
