depth,station,insitu,gldas
10,1,NaN,NaN
10,1,35.3576982201105,87.9999943231226
10,1,83.1465250459301,61.1149730296471
10,1,149.789421894946,96.0019057429302
10,1,148.975577774741,148.835096806714
10,1,11.1978758808573,119.480821105135
10,1,149.977053644551,141.47185292675
10,1,59.0319747321283,81.3017862309713
10,1,72.2921429646206,83.7169042666925
10,1,7.75859227507179,85.3541233784862
