depth,station,insitu,gldas
10,1,NaN,NaN
10,1,734064.999999842,734141.999994807
10,1,734609.130742359,734504.363023602
10,1,734929.269670918,734857.101286991
10,1,735305.404726828,735271.391724161
10,1,735497.857683368,735576.740524984
10,1,736011.345454086,735988.632497852
10,1,736290.464166392,736314.393310721
10,1,736730.290416429,736706.372596072
10,1,736961.729183683,737146.299373957
