depth,station,insitu,gldas
10,1,NaN,NaN
10,1,734270.465067173,734279.542020855
10,1,734753.999824426,734628.200387131
10,1,735042.758061954,735050.999204419
10,1,735408.347697213,735428.599398447
10,1,735779.492046731,735758.651656589
10,1,736233.236997012,736158.568022707
10,1,736511.478977631,736511.689268493
10,1,736869.756845552,736887.999999424
10,1,737308.999479298,737243.337693999
