depth,station,insitu,gldas
10,1,NaN,NaN
10,1,46.4558786652341,81.1896499972194
10,1,137.212453481265,58.6568924911841
10,1,83.589911467738,114.630347598277
10,1,68.348863143199,124.597950874922
10,1,42.247964101659,53.175086780027
10,1,123.236190283388,149.938191076911
10,1,58.5003726121707,149.999657793835
10,1,71.0359439828444,139.620008942736
10,1,126.363537680159,86.7557548912505
