depth,station,insitu,gldas
10,1,NaN,NaN
10,1,734029.642301622,734054.000000483
10,1,734525.984217313,734443.248050573
10,1,734779.480249022,734761.099381249
10,1,735156.429149053,735122.556627354
10,1,735486.659807487,735457.259703879
10,1,735861.368400442,735847.160644925
10,1,736231.43219166,736233.09152449
10,1,736657.998273465,736622.655691805
10,1,736953.970591408,737060.945250579
