depth,station,insitu,gldas
10,1,NaN,NaN
10,1,9.13932482080335,103.818204277154
10,1,130.151051071909,128.99171126552
10,1,36.1541452299789,28.5478769093894
10,1,30.4642728729782,27.3380424391195
10,1,47.2307422549177,36.4123705370557
10,1,115.862506617483,118.454115083079
10,1,117.50553439123,100.524036002436
10,1,72.0416619063005,112.597285389287
10,1,94.2995571745926,130.642004510087
10,1,7.92916831932615,NaN
10,1,15.0716095942848,149.997043270239
10,1,149.99989635437,149.829387282483
10,1,81.0127802812022,57.2958608573716
10,1,NaN,NaN
10,1,60.147635360297,63.0700169383832
10,1,73.3484458706427,50.7903945935982
10,1,27.6095993239133,29.4090459726639
