depth,station,insitu,gldas
10,1,39.4808071882698,72.356697385489
10,1,54.6120735927938,68.6668353613389
10,1,18.4316905985028,74.3856050665876
10,1,149.994295887419,64.9036447841171
10,1,73.5116124570424,91.6139480761788
10,1,50.9156325950071,69.5395034016058
10,1,60.1465275995293,58.473869588823
10,1,72.8951576189569,149.989031348664
10,1,89.9476239350402,47.1032628419763
10,1,145.36653490041,149.985497740989
10,1,98.3318548080374,65.6011506851922
10,1,101.069499547541,143.185802932493
10,1,60.1522692186753,117.294082823819
10,1,34.4452728655285,82.2461454078853
10,1,81.4571260599983,130.226199483968
10,1,100.943121985629,65.2936998244135
10,1,38.7073671445988,44.7875773265439
10,1,84.2938978236602,123.625986779779
10,1,66.2132662442465,97.6008826034681
10,1,115.606233573396,134.574690495412
